clade	gene	site	alt
B	F	103	A
B	L	1742	T
B	L	2162	L
B.1	clade	B	
B.1	F	103	V
B.1	F	312	H
B.1	N	125	A
B.2	clade	B	
B.2	L	1742	M
B.2	G	118	T
B.3	clade	B	
B.3	L	2162	I
B.3	G	77	S
B.4	clade	B	
B.4	NS1	105	I
B.4	G	116	T
B.D	clade	B	
B.D	G	252	T
B.D	G	32	K
B.D	L	374	D
B.D.1	clade	B.D	
B.D.1	NS2	82	S
B.D.1	M	89	I
B.D.1	L	1593	S
B.D.1.1	clade	B.D.1	
B.D.1.1	F	19	T
B.D.2	clade	B.D	
B.D.2	N	97	V
B.D.2	P	145	V
B.D.2	F	23	A
B.D.3	clade	B.D	
B.D.3	F	123	G
B.D.3	F	124	S
B.D.4	clade	B.D	
B.D.4	F	172	Q
B.D.4	F	103	V
B.D.4.1	clade	B.D.4	
B.D.4.1	F	173	L
B.D.4.1	L	715	V
B.D.4.1	G	252	I
B.D.4.1.1	clade	B.D.4.1	
B.D.4.1.1	F	191	R
B.D.4.1.1	F	206	M
B.D.4.1.1	F	209	R
B.D.4.1.2	clade	B.D.4.1	
B.D.4.1.2	F	68	Q
B.D.4.1.2	NS2	80	R
B.D.4.1.2	G	90	H
B.D.4.1.3	clade	B.D.4.1	
B.D.4.1.3	F	312	H
B.D.4.1.3	NS2	80	R
B.D.4.1.3	L	164	M
B.D.4.1.3	G	252	T
B.D.E.1	clade	B.D.4.1.1	
B.D.E.1	F	190	N
B.D.E.1	F	389	P
B.D.E.1	G	252	T
B.D.E.1.1	clade	B.D.E.1	
B.D.E.1.1	P	225	N
B.D.E.1.1	L	590	S
B.D.E.1.1	NS1	74	E
B.D.E.1.2	clade	B.D.E.1	
B.D.E.1.2	G	116	T
B.D.E.1.2	F	12	I
B.D.E.1.2	NS2	6	N
B.D.E.1.3	clade	B.D.E.1	
B.D.E.1.3	F	118	A
B.D.E.1.3	F	12	I
B.D.E.1.3	G	103	I
B.D.E.1.4	clade	B.D.E.1	
B.D.E.1.4	F	12	I
B.D.E.1.4	M2-1	125	V
B.D.E.1.4	NS2	82	A
B.D.E.1.4	P	73	S
B.D.E.1.5	clade	B.D.E.1	
B.D.E.1.5	F	42	K
B.D.E.1.5	F	125	P
B.D.E.1.5	G	91	F
B.D.E.1.5	L	2162	F
B.D.E.1.6	clade	B.D.E.1	
B.D.E.1.6	F	42	K
B.D.E.1.6	L	577	N
B.D.E.1.7	clade	B.D.E.1	
B.D.E.1.7	G	32	R
B.D.E.1.7	G	223	E
B.D.E.1.8	clade	B.D.E.1	
B.D.E.1.8	G	112	Y
B.D.E.1.8	L	176	S
B.D.E.1.8	L	560	P
B.D.E.1.8	L	1721	I
B.D.E.2	clade	B.D.4.1.1	
B.D.E.2	G	176	S
B.D.E.2	nuc	808	C
B.D.E.3	clade	B.D.4.1.1	
B.D.E.3	F	19	V
B.D.E.3	F	526	V
B.D.E.4	clade	B.D.4.1.1	
B.D.E.4	P	61	T
B.D.E.4	L	164	M
B.D.E.5	clade	B.D.4.1.1	
B.D.E.5	P	73	S
B.D.E.5	F	211	N
B.D.E.5	F	327	N
B.D.E.5	F	529	V
B.D.E.6	clade	B.D.4.1.1	
B.D.E.6	NS1	126	I
B.D.E.6	G	98	G
B.D.E.6	G	119	P
B.D.E.6	G	252	T
B.D.E.6	L	192	R
B.D.E.6	L	1742	M
B.D.E.7	clade	B.D.4.1.1	
B.D.E.7	P	67	G
B.D.E.7	G	275	P
B.D.E.7	F	13	I
B.D.E.7	F	103	A
B.D.E.7	L	1982	L
